;MPP;;;;NCS;;;TRYKNET;VISIOLINK;;;
1. udg.;Produkt;Edition;Sektion;Avis;Kategori;Kanal;Kanalnavn NCS;Filnavn til tryk;Filnavn til E-Paper;FTP-mappe;Kommentar;Asura Inksave
;;;;;;;;;;;;
02.11.16;FST;E1;A - I;Fyens Stiftstidende;FST 1. - 9. sektion;FST;Fyens Stiftstidende;FSTJFM0T3006161111005.pdf;FSTJFMET3006161111005.pdf;FST;;JA
;F22;;;Tillæg Fyens Stiftstidende   ;;;;;;;;
;F44;;;Trimmet Tillæg Fyens Stiftstidende;;;;;;;;
;;;;;;;;;;;;
02.11.16;FAA;E1;A - I;Fyns Amtsavis;FAA 1. - 9. sektion;FAA;Fyns Amts Avis;FAAJFM0T2906161111023.pdf;FAAJFMET2906161111023.pdf;FAA;;JA
;A22;;;Tillæg Fyns Amtsavis;;;;;;;;
;A44;;;Trimmet tillæg Fyns Amts Avis;;;;;;;;
;;;;;;;;;;;;
02.11.16;XRE;E1;A;Rejser FM (Master);FST 5. sektion;ARE;;FSRJFM0T290616A111028.pdf;Som i dag;;;JA
02.11.16;XRE;E2;A;Rejser JM;FST 5. sektion;BRE;;FSRJFM0T290616B111028.pdf;Som i dag;;;JA
02.11.16;XRE;E3;A;Rejser SDM;FST 5. sektion;CRE;;FSRJFM0T290616C111028.pdf;Som i dag;;;JA
02.11.16;XRE;E4;A;Rejser MJM;FST 5. sektion;DRE;;FSRJFM0T290616D111028.pdf;Som i dag;;;JA
02.11.16;XRE;E5;A;Rejser eavis (ikke til tryk);FST 5. sektion;ERE;;;FSRJFM0T290616E111028.pdf;FSR;;
;;;;;;;;;;;;
02.11.16;FSB;E1;A;Base Bolig til tryk og eavis;FST 6. sektion;FSB;;FSBJFM0T2906161111028.pdf;FSBJFM0T2906161111028.pdf;;;
02.11.16;FSB;E2;A;Base Bolig til eavis;FST 6. sektion;BSB;;;FSBJFM0T290616E111028.pdf;FSB;;
;;;;;;;;;;;;
02.11.16;FSZ;E1;A;Gear til tryk og eavis;FST 5. sektion;FSZ;;FSZJFM0T2906161111028.pdf;FSZJFM0T2906161111028.pdf;;;JA
02.11.16;FSZ;E2;A;Gear til eavis;FST 5. sektion;ESZ;;;FSZJFM0T290616E111028.pdf;FSZ;;
;;;;;;;;;;;;
02.11.16;XBF;;;Business Fyn;FST Tillæg 3;XBF;;XBFJFM0S2906161111028.pdf;XBFJFM0S2906161111028.pdf;XBF;;
02.11.16;XEF;;;Erhvervsavisen Fyn;FST Tillæg 1;XEF;;XEFJFM0T2906161111028.pdf;XEFJFM0T2906161111028.pdf;XEF;;
02.11.16;XKO;;;Kommunetillæg fyn;FST Tillæg 3;XKO;;XKOJFM0S2906161111028.pdf;XKOJFM0S2906161111028.pdf;XKO;;
;XEB;E1;A;Byg og Nyt;JFM Tillæg;JFM Tillæg;;XEBJFM0T2906161111028.pdf;XEBJFM0T2906161111028.pdf;XEB;;
;XEL;E1;A;Landbrug i Danmark;JFM Tillæg;JFM Tillæg;;XELJFM0T2906161111028.pdf;XELJFM0T2906161111028.pdf;XEL;;
;XEV;E1;A;Fokus på Virksomheder;JFM Tillæg;JFM Tillæg;;XEVJFM0T2906161111028.pdf;XEVJFM0T2906161111028.pdf;XEV;;
;;;;;;;;;;;;
;;;;;;;;;;;;
;;;;;;;;;;;;
;JFD;E1;A;Danmarks sektionen FST;JFM Danmarks sekt.;AFD;JFM Danmarks sekt. Morgen;FSTJFM0T2906161114028.pdf;;;;JA
;JFD;E2;A;Danmarks sektionen AAS;JFM Danmarks sekt.;BFD;JFM Danmarks sekt. AAS;AASJFM0T2906162114028.pdf;;;;
;JFD;E3;A;Danmarks sektionen RAM;JFM Danmarks sekt.;CFD;JFM Danmarks sekt. RAM;RAMJFM0T2906162114028.pdf;;;;
;JFD;E4;A;Danmarks sektionen VSF DRS DHS;JFM Danmarks sekt.;DFD;JFM Danmarks sekt. HVR;DHSJFM0T2906162114028.pdf;;;Holstebro viborg ringkøbing aviser;
;JFD;E5;A;Danmarks sektionen JV;JFM Danmarks sekt.;EFD;JFM Danmarks sekt. JV;SDRJFM0T2906162114028.pdf;;;Ni JV udgaver;
;JFD;E6;A;Danmarks sektionen JYM;JFM Danmarks sekt.;FFD;JFM Danmarks sekt. JYM;HOFJFM0T2906162114028.pdf;;;Horsens Vejle Fredericia;
;JFD;E7;A;Danmarks sektionen FAA;JFM Danmarks sekt.;GFD;JFM Danmarks sekt. FAA;FAAJFM0T2906162114028.pdf;;;;
;;;;;;;;;;;;
02.11.16;DHA;E1;A - B;Dalum Hjallese Avis;DHA;DHA;;DHAJFM0T2906161111028.pdf;DHAJFM0T2906161111028.pdf;DHA;;JA
02.11.16;DH2;E1;A - B;Tillæg Dalum Hjallese Avis;DHA Tillæg;DHA;;DH2JFM0T2906161111028.pdf;DH2JFM0T2906161111028.pdf;DHA-S;;
02.11.16;DH4;E1;A - B;Tillæg Dalum Hjallese Avis Trimmet;DHA Tillæg;DHA;;DH4JFM0S2906161111028.pdf;DH4JFM0S2906161111028.pdf;DHA-S;;
02.11.16;DHQ;;;Dalum Hjallese Avis Øvrige Formater;;;;Ekstern tryk;DHQJFM0S2906161111028.pdf;DHA-S;;
02.11.16;KUA;E1;A - B;Kerteminde Ugeavis;KUA;KUA;;KUAJFM0T2906161111028.pdf;KUAJFM0T2906161111028.pdf;KUA;;JA
02.11.16;KU2;E1;A - B;Tillæg Kerteminde Ugeavis;KUA Tillæg;KUA;;KU2JFM0T2906161111028.pdf;KU2JFM0T2906161111028.pdf;KUA-S;;
02.11.16;KU4;E1;A - B;Tillæg Kerteminde Ugeavis Trimmet;KUA Tillæg;KUA;;KU4JFM0S2906161111028.pdf;KU4JFM0S2906161111028.pdf;KUA-S;;
02.11.16;KUQ;;;Kerteminde Ugeavis Øvrige Formater;;;;Ekstern tryk;KUQJFM0S2906161111028.pdf;KUA-S;;
02.11.16;LAA;E1;A - B;LokalAvisen Assens;LAA;LAA;;LAAJFM0T2906161111028.pdf;LAAJFM0T2906161111028.pdf;LAA;;JA
02.11.16;LA2;E1;A - B;Tillæg LokalAvisen Assens;LAA Tillæg;LAA;;LA2JFM0T2906161111028.pdf;LA2JFM0T2906161111028.pdf;LAA-S;;
02.11.16;LA4;E1;A - B;Tillæg LokalAvisen Assens Trimmet;LAA Tillæg;LAA;;LA4JFM0S2906161111028.pdf;LA4JFM0S2906161111028.pdf;LAA-S;;
02.11.16;LAQ;;;Lokalavisen Assens Øvrige Formater;;;;Ekstern tryk;LAQJFM0S2906161111028.pdf;LAA-S;;
02.11.16;LAN;E1;A - B;LokalAvisen Nyborg;LAN;LAN;;LANJFM0T2906161111028.pdf;LANJFM0T2906161111028.pdf;LAN;;JA
02.11.16;NY2;E1;A - B;Tillæg LokalAvisen Nyborg;LAN Tillæg;LAN;;NY2JFM0T2906161111028.pdf;NY2JFM0T2906161111028.pdf;LAN-S;;
02.11.16;NY4;E1;A - B;Tillæg LokalAvisen Nyborg Trimmet;LAN Tillæg;LAN;;NY4JFM0S2906161111028.pdf;NY4JFM0S2906161111028.pdf;LAN-S;;
02.11.16;NYQ;;;LokalAvisen Nyborg Øvrige Formater;;;;Ekstern tryk;LLQJFM0S2906161111028.pdf;LAN-S;;
02.11.16;LNV;E1;A - B;LokalAvisen Nordvest;LNV;LNV;;LNVJFM0T2906161111028.pdf;LNVJFM0T2906161111028.pdf;LNV;;
02.11.16;LN2;E1;A - B;Tillæg LokalAvisen Nordvest;LNV Tillæg;LNV;;LN2JFM0T2906161111028.pdf;LN2JFM0T2906161111028.pdf;LNV-S;;
02.11.16;LN4;E1;A - B;Tillæg LokalAvisen Nordvest Trimmet;LNV Tillæg;LNV;;LN4JFM0S2906161111028.pdf;LN4JFM0S2906161111028.pdf;LNV-S;;
02.11.16;LNQ;;;LokalAvisen Nordvest Øvrige Formater;;;;Ekstern tryk;LNQJFM0S2906161111028.pdf;LNV-S;;
02.11.16;LOJ;E1;A - B;Lokal Journalen;UAN;UAN;;UANJFM0T290616112028.pdf;UANJFM0T290616112028.pdf;UAN;;
02.11.16;LO2;E1;A - B;Tillæg Lokal Journalen;LOJ Tillæg;LOJ;;LO2JFM0T2906161111028.pdf;LO2JFM0T2906161111028.pdf;LOJ-S;;
02.11.16;LO4;E1;A - B;Tillæg Lokal Journalen Trimmet;LOJ Tillæg;LOJ;;LO4JFM0S2906161111028.pdf;LO4JFM0S2906161111028.pdf;LOJ-S;;
02.11.16;LOQ;;;Lokal Journalen Øvrige Formater;;;;Ekstern tryk;LOQJFM0S2906161111028.pdf;LOJ-S;;
02.11.16;MIP;E1;A - B;Midtfyns Posten;MIP;MIP;;MIPJFM0T2906161111028.pdf;MIPJFM0T2906161111028.pdf;MIP;;JA
02.11.16;MI2;E1;A - B;Tillæg Midtfyns Posten;MIP Tillæg;MIP;;MI2JFM0T2906161111028.pdf;MI2JFM0T2906161111028.pdf;MIP-S;;
02.11.16;MI4;E1;A - B;Tillæg Midtfyns Posten Trimmet;MIP Tillæg;MIP;;MI4JFM0S2906161111028.pdf;MI4JFM0S2906161111028.pdf;MIP-S;;
02.11.16;MIQ;;;Midtfyns Posten Øvrige Formater;;;;Ekstern tryk;MIQJFM0S2906161111028.pdf;MIP-S;;
02.11.16;MLF;E1;A - B;Melfar Posten;MLF;MLF;;MLFJFM0T2906161111028.pdf;MLFJFM0T2906161111028.pdf;MLF;;JA
02.11.16;ML2;E1;A - B;Tillæg Melfar Posten;MLF Tillæg;MLF;;ML2JFM0T2906161111028.pdf;ML2JFM0T2906161111028.pdf;MLF-S;;
02.11.16;ML4;E1;A - B;Tillæg Melfar Posten Trimmet;MLF Tillæg;MLF;;ML4JFM0S2906161111028.pdf;ML4JFM0S2906161111028.pdf;MLF-S;;
02.11.16;MLQ;;;Melfar Posten Øvrige Formater;;;;Ekstern tryk;MLQJFM0S2906161111028.pdf;MLF-S;;
02.11.16;POD;E1;A - B;Pindle Odense;POD;POD;Pindle;PODJFM0T2906161111028.pdf;PODJFM0T2906161111028.pdf;POD;;JA
02.11.16;SHA;E1;A - B;Skibhus Avisen;SHA;SHA;;SHAJFM0T2906161111028.pdf;SHAJFM0T2906161111028.pdf;SHA;;JA
02.11.16;SH2;E1;A - B;Tillæg Skibhus Avisen;SHA Tillæg;SHA;;SH2JFM0T2906161111028.pdf;SH2JFM0T2906161111028.pdf;SHA-S;;
02.11.16;SH4;E1;A - B;Tillæg Skibhus Avisen Trimmet;SHA Tillæg;SHA;;SH4JFM0S2906161111028.pdf;SH4JFM0S2906161111028.pdf;SHA-S;;
02.11.16;SHQ;;;Skibhus Avisen Øvrige Formater;;;;Ekstern tryk;SHQJFM0S2906161111028.pdf;SHA-S;;
02.11.16;UAF;E1;A - B;UgeAvisen Faaborg;UAF;UAF;;UAFJFM0T2906161111028.pdf;UAFJFM0T2906161111028.pdf;UAF;;JA
02.11.16;UA2;E1;A - B;Tillæg UgeAvisen Faaborg;UAF Tillæg;UAF;;UA2JFM0T2906161111028.pdf;UA2JFM0T2906161111028.pdf;UAF-S;;
02.11.16;UA4;E1;A - B;Tillæg UgeAvisen Faaborg Trimmet;UAF Tillæg;UAF;;UA4JFM0S2906161111028.pdf;UA4JFM0S2906161111028.pdf;UAF-S;;
02.11.16;UAQ;;;Ugeavisen Faaborg Øvrige Formater;;;;Ekstern tryk;UAQJFM0S2906161111028.pdf;UAF-S;;
02.11.16;UAL;E1;A - B;UgeAvisen Øboen;UAL;UAL;;UALJFM0T2906161111028.pdf;UALJFM0T2906161111028.pdf;UAL;;JA
02.11.16;UU2;E1;A - B;Tillæg UgeAvisen Øboen;UAL Tillæg;UAL;;UU2JFM0T2906161111028.pdf;UU2JFM0T2906161111028.pdf;UAL-S;;
02.11.16;UU4;E1;A - B;Tillæg UgeAvisen Øboen Trimmet;UAL Tillæg;UAL;;UU4JFM0S2906161111028.pdf;UU4JFM0S2906161111028.pdf;UAL-S;;
02.11.16;UUQ;;;Ugeavisen Øboen Øvrige Formater;;;;Ekstern tryk;UUQJFM0S2906161111028.pdf;UAL-S;;
02.11.16;UAN;E1;A - B;UgeAvisen Nordfyn;UAN;UAN;;UANJFM0T2906161111028.pdf;UANJFM0T2906161111028.pdf;UAN;;JA
02.11.16;UV2;E1;A - B;Tillæg UgeAvisen Nordfyn;UAN Tillæg;UAN;;UV2JFM0T2906161111028.pdf;UV2JFM0T2906161111028.pdf;UAN-S;;
02.11.16;UV4;E1;A - B;Tillæg UgeAvisen Nordfyn Trimmet;UAN Tillæg;UAN;;UV4JFM0S2906161111028.pdf;UV4JFM0S2906161111028.pdf;UAN-S;;
02.11.16;UVQ;;;Ugeavisen Nordfyn Øvrige Formater;;;;Ekstern tryk;UVQJFM0S2906161111028.pdf;UAN-S;;
02.11.16;UAO;E1;A - B;Ugeavisen Odense;UAO;UAO;;UAOJFM0T2906161111028.pdf;UAOJFM0T2906161111028.pdf;UAO;;JA
02.11.16;UX2;E1;A - B;Tillæg Ugeavisen Odense;UAO Tillæg;UAO;;UX2JFM0T2906161111028.pdf;UX2JFM0T2906161111028.pdf;UAO-S;;
02.11.16;UX4;E1;A - B;Tillæg Ugeavisen Odense Trimmet;UAO Tillæg;UAO;;UX4JFM0S2906161111028.pdf;UX4JFM0S2906161111028.pdf;UAO-S;;
02.11.16;UXQ;;;Ugeavisen Odense Øvrige Formater;;;;Ekstern tryk;UXQJFM0S2906161111028.pdf;UAO-S;;
02.11.16;UAS;E1;A - B;UgeAvisen Svendborg;UAS;UAS;;UASJFM0T2906161111028.pdf;UASJFM0T2906161111028.pdf;UAS;;JA
02.11.16;UY2;E1;A - B;Tillæg UgeAvisen Svendborg;UAS Tillæg;UAS;;UY2JFM0T2906161111028.pdf;UY2JFM0T2906161111028.pdf;UAS;;
02.11.16;UY4;E1;A - B;Tillæg UgeAvisen Svendborg Trimmet;UAS Tillæg;UAS;;UY4JFM0S2906161111028.pdf;UY4JFM0S2906161111028.pdf;UAS-S;;
02.11.16;UYQ;;;Ugeavisen Svendborg Øvrige Formater;;;;Ekstern tryk;UYQJFM0S2906161111028.pdf;UAS-S;;
02.11.16;UES;E1;A - B;Ugeavisen Esbjerg;UES;UES;;UESJFM0T2906161111028.pdf;UESJFM0T2906161111028.pdf;UES;;
02.11.16;UE2;E1;A - B;Tillæg Ugeavisen Esbjerg;UES Tillæg;UE2;;UE2JFM0T2906161111028.pdf;UE2JFM0T2906161111028.pdf;UES-S;;
02.11.16;UE4;E1;A - B;Tillæg Ugeavisen Esbjerg Trimmet;UES Tillæg;UE4;;UE4JFM0S2906161111028.pdf;UE4JFM0S2906161111028.pdf;UES-S;;
;UEB;E1;A;Esbjerg Boligavis;UES Tillæg;UES;;UEBJFM0S2906161111028.pdf;UEBJFM0S2906161111028.pdf;;;
02.11.16;XCA;E1;A;Cityavisen Esbjerg;EUS City;XCA;;XCAJFM0S2906161111028.pdf;XCAJFM0S2906161111028.pdf;UES-S;;
02.11.16;XVK;;;Erhvervsmagasin Vestkraft;;;;XVKJFM0S2906161111028.pdf;XVKJFM0S2906161111028.pdf;UES-S;;
02.11.16;UEQ;;;Ugeavisen Esbjerg Øvrige Formater;;;;Ekstern tryk;XCQJFM0S2906161111028.pdf;UES-S;;
;;;;;;;;;;;;
24.11.16;VSF;E1;A - I;Viborg Stifts Folkeblad;VSF 1. - 9. sektion;VSF;;VSFJFM0T2906161111028.pdf;VSFJFMET2906161111028.pdf;VSF;;
;B22;;;Tillæg Viborg Stifts Folkeblad;;;;;;;;
;B44;;;Trimmet tillæg Viborg Stifts Folkeblad;;;;;;;;
;;;;;;;;;;;;
24.11.16;RAM;E1;A - I;Randers Amtsavis;RAM 1. - 9. sektion;RAM;;RAMJFM0T2906161111028.pdf;RAMJFMET2906161111028.pdf;RAM;;
;M22;;;Tillæg Randers Amtsavis;;;;;;;;
;M44;;;Trimmet tillæg Randers Amtsavis;;;;;;;;
;;;;;;;;;;;;
24.11.16;AAS;E1;A - D;Aarhus Stiftstidende;AAS 1. - 9. sektion;AAS;;AASJFM0T2906161111028.pdf;AASJFMET2906161111028.pdf;AAS;;
;S22;;;Tillæg Aarhus Stiftstidende;;;;;;;;
;S44;;;Trimmet tillæg Aarhus Stiftstidende;AAS Tillæg 1;AAS;;S44JFM0T2906161111028.pdf;;;;
;;;;;;;;;;;;
24.11.16;DHS;E1;A - I;Dagbladet Holstebro;DHS 1. - 9. sektion;DHS;;DHSJFM0T290616H111028.pdf;DHSJFMET290616H111028.pdf;DHS;;
;D22;;;Tillæg Dagbladet Holstebro;;;;;;;;
;D44;;;Trimmet tillæg Dagbladet Holstebro;DHS Tillæg 1;DHS;;D44JFM0T290616H111028.pdf;;DHS-S;;
;;;;;;;;;;;;
24.11.16;DST;E1;A - I;Dagbladet Struer;DST 1. - 9. sektion;STR;;DHSJFM0T290616S111028.pdf;DSTJFMET290616S111028.pdf;DST;;
;U22;;;Tillæg Dagbladet Struer;;;;;;;;
;U44;;;Trimmet tillæg Dagbladet Struer;;;;;;;;
;;;;;;;;;;;;
24.11.16;LEF;E1;A - I;Folkebladet Lemvig (Master);LEF 1. - 9. sektion;LEF;;DHSJFM0T290616L111028.pdf;LEFJFMET290616L111028.pdf;LEF;;
;L22;;;Tillæg Lemvig Folkeblad;;;;;;;;
;L44;;;Trimmet tillæg Lemvig Folkeblad;;;;;;;;
;;;;;;;;;;;;
24.11.16;DRS;E1;A - I;Dagbladet Ringkøbing Skjern;DRS 1. - 9. sektion;DRS;Dagbladet Ringkøbing Skjern;DRSJFM0T290616D111028.pdf;DRSJFMET2906161111028.pdf;DRS;;
;G22;;;Tillæg Dagbladet Ringkøbing Skjern;;;;;;;;
;G44;;;Trimmet tillæg Dagbladet Ringkøbing Skjern;;;;;;;;
;ERI;E1;;Erhvervsmagasinet Ringkøbing;;DRS;Dagbladet Ringkøbing Skjern;ERIJFM0T290616D111028.pdf;;;;
;;;;;;;;;;;;
;TUF;E1 ;A;Fælles Turistavis i Holstebro, Struer og Lemvig;;;;TULJFM…1028.pdf og TUHJFM…;TULJFM…1028.pdf og TUHJFM…;;Skal være 1. sekt. I både TUL og TUH;
;TUR;E1 ;A;Turistavisupdate.dk;JFM Turist-update;TUR;;TURJFM0S2906161111028.pdf;TURJFM0S290616A11A028.pdf;;;
;TUH;E1 ;B;Turistavis i Hostebro og Struer;;;;TUHJFM0S2906161112028.pdf;TUHJFM0S290616A11B028.pdf;;;
;TUL;E1 ;B;Turistavis i Lemvig;;;;TULJFM0S2906161112028.pdf;TULJFM0S290616A11B028.pdf;;;
;TUD;E1 ;A;Turistavis i Djursland;;;;TUDJFM0S2906161111028.pdf;TUDJFM0S290616A11A028.pdf;;;
;TUU;E1 ;A;Turist Update Holstebro;;;;;;;;
;;;;;;;;;;;;
24.11.16;AAO;E1 ;A - B - I;Århus Onsdag;AAO;AAO;;AAOJFM0T290616A111028.pdf;AAOJFM0T290616A111028.pdf;AAO;;
24.11.16;AAO;E2;A - B - I;Århus Onsdag;AAO Nord;NAO;;AAOJFM0T290616N111028.pdf;;;;
24.11.16;AAO;E3;A - B - I;Århus Onsdag;AAO Syd;SAO;;AAOJFM0T290616S111028.pdf;;;;
24.11.16;AAO;E4;A - B -I;Århus Onsdag;AAO Vest;VAO;;AAOJFM0T290616V111028.pdf;;;;
;;;;;;;;;;;;
24.11.16;AON;;;Århus Onsdag Nord;AAO Nord;NAO;;AAZJFM0T290616N111028.pdf;AONJFM0T290616N111028.pdf;AON;;
24.11.16;AOS;;;Århus Onsdag Syd;AAO Syd;SAO;;AAZJFM0T290616S111028.pdf;AOSJFM0T290616S111028.pdf;AOS;;
24.11.16;AOV;;;Århus Onsdag Vest;AAO Vest;VAO;;AAZJFM0T290616V111028.pdf;AOVJFM0T290616V111028.pdf;AOV;;
24.11.16;AA2;E1 ;A - B;Tillæg Århus Onsdag;AAO Tillæg;AAO;;AA2JFM0T2906161111028.pdf;;AAO-S;;
24.11.16;AA4;E1 ;A - B;Tillæg Århus Onsdag Trimmet;AAO Tillæg;AAO;;AA4JFM0S2906161111028.pdf;;AAO-S;;
24.11.16;AAQ;;;Tillæg Århus Onsdag Øvrige Formater;;;;Ekstern tryk;;;;
24.11.16;AWE;E1;A - B;Århus Onsdag Weekend;AAO;AAO;;AWEJFM0T2906161111028.pdf;AWEJFM0T2906161111028.pdf;AWE;;
24.11.16;AWQ;;;Århus Onsdag Weekend Øvrige Formater;;;;Ekstern tryk;;;;
24.11.16;BJA;E1;A - B;Bjerringbro Avis;BJA;BJA;;BJAJFM0T2906161111028.pdf;;BJA;;
24.11.16;BJ2;E1;A - B;Tillæg Bjerringbro Avis;BJA Tillæg;BJA;;BJ2JFM0T2906161111028.pdf;;BJA-S;;
24.11.16;BJ4;E1;A - B;Tillæg Bjerringbro Avis Trimmet;BJA Tillæg;BJA;;BJ4JFM0S2906161111028.pdf;;BJA-S;;
24.11.16;BJQ;;;Bjerringbro Avis Øvrige Formater;;;;Ekstern tryk;;;;
24.11.16;DJP;E1;A - B;Djurslandsposten;DJP;DJP;;DJPJFM0T2906161111028.pdf;;DJP;;
24.11.16;DJ2;E1;A - B;Tillæg Djurslandsposten;DJP Tillæg;DJP;;DJ2JFM0T2906161111028.pdf;;DJP-S;;
24.11.16;DJ4;E1;A - B;Tillæg Djurslandsposten Trimmet;DJP Tillæg;DJP;;DJ4JFM0S2906161111028.pdf;;DJP-S;;
24.11.16;DJQ;;;Djurslandsposten Øvrige Formater;;;;Ekstern tryk;;;;
24.11.16;FAV;E1;A - B;Favrskov Avisen;FAV;FAV;;FAVJFM0T2906161111028.pdf;;FAV;;
24.11.16;FA2;E1;A - B;Tillæg Favrskov Avisen;FAV Tillæg;FAV;;FA2JFM0T2906161111028.pdf;;FAV-S;;
24.11.16;FA4;E1;A - B;Tillæg Favrskov Avisen Trimmet;FAV Tillæg;FAV;;FA4JFM0S2906161111028.pdf;;FAV-S;;
24.11.16;FAQ;;;Favrskov Avisen Øvrige Formater;;;;Ekstern tryk;;;;
24.11.16;FDJ;E1;A - B;Folkebladet Djursland;FDJ;FDJ;;FDJJFM0T2906161111028.pdf;;FDJ;;
24.11.16;FD2;E1;A - B;Tillæg Folkebladet Djursland;FDJ Tillæg;FDJ;;FD2JFM0T2906161111028.pdf;;FDJ-S;;
24.11.16;FD4;E1;A - B;Tillæg Folkebladet Djursland Trimmet;FDJ Tillæg;FDJ;;FD4JFM0S2906161111028.pdf;;FDJ-S;;
24.11.16;FDQ;;;Folkebladet Djursland Øvrige Formater;;;;Ekstern tryk;;;;
24.11.16;GRE;E1;A - B;Grenaa Bladet;GRE;GRE;;GREJFM0T2906161111028.pdf;;GRE;;
24.11.16;GR2;E1;A - B;Tillæg Grenaa Bladet;GRE Tillæg;GRE;;GR2JFM0T2906161111028.pdf;;GRE-S;;
24.11.16;GR4;E1;A - B;Tillæg Grenaa Bladet Trimmet;GRE Tillæg;GRE;;GR4JFM0S2906161111028.pdf;;GRE-S;;
24.11.16;GRQ;;;Grenå Bladet Øvrige Formater;;;;Ekstern tryk;;;;
24.11.16;EFT;E1;A - B;Ebeltoft Folketidende;EFT;EFT;;EFTJFM0T2906161111028.pdf;;EFT;;
24.11.16;EF2;E1;A - B;Tillæg Ebeltoft Folketidende;EFT Tillæg;EFT;;EF2JFM0T2906161111028.pdf;;EFT-S;;
24.11.16;EF4;E1;A - B;Tillæg Ebeltoft Folketidende Trimmet;EFT Tillæg;EFT;;EF4JFM0S2906161111028.pdf;;EFT-S;;
24.11.16;EFQ;;;Ebeltoft Folketidende Øvrige Formater;;;;Ekstern tryk;;;;
24.11.16;HOA;E1;A - B;Holstebro Onsdag;HOA;HOA;;HOAJFM0T2906161111028.pdf;;HOA;;
;SHO;E1;A;Shopping Holstebro;HOA Tillæg 1;HOA;;SHOJFM0T2906161111028.pdf;;HOA-S;;
24.11.16;HO2;E1;A - B;Tillæg Holstebro Onsdag;HOA Tillæg 2;HOA;;HO2JFM0T2906161111028.pdf;;HOA-S;;
24.11.16;HO4;E1;A - B;Tillæg Holstebro Onsdag Trimmet;HOA Tillæg 2;HOA;;HO4JFM0S2906161111028.pdf;;HOA-S;;
24.11.16;HOQ;;;Holstebro Onsdag Øvrige Formater;;;;Ekstern tryk;;;;
24.11.16;HOB;;;Lokalen Holstebro;;HOB;;;;HOB;Ingen NCS kategori;
24.11.16;LOL;E1;A - B;Lokalavisen Lemvig;LOL;LOL;;LOLJFM0T2906161111028.pdf;;LOL;;
24.11.16;LL2;E1;A - B;Tillæg Lokalavisen Lemvig;LOL Tillæg;LOL;;LL2JFM0T2906161111028.pdf;;LOL-S;;
24.11.16;LL4;E1;A - B;Tillæg Lokalavisen Lemvig Trimmet;LOL Tillæg;LOL;;LL4JFM0S2906161111028.pdf;;LOL-S;;
24.11.16;LEQ;;;Lokalavisen Lemvig Øvrige Formater;;;;Ekstern tryk;;;;
24.11.16;MAA;E1;A - B;Mariager Avis;MAA;MAA;;MAAJFM0T2906161111028.pdf;;MAA;;
24.11.16;MA2;E1;A - B;Tillæg Mariager Avis;MAA Tillæg;MAA;;MA2JFM0T2906161111028.pdf;;MAA-S;;
24.11.16;MA4;E1;A - B;Tillæg Mariager Avis Trimmet;MAA Tillæg;MAA;;MA4JFM0S2906161111028.pdf;;MAA-S;;
24.11.16;MAQ;;;Mariager Avis Øvrige Formater;;;;Ekstern tryk;;;;
24.11.16;RAO;E1;A - B;Randers Onsdag;RAO;RAO;;RAOJFM0T2906161111028.pdf;;RAO;;
24.11.16;RA2;E1;A - B;Tillæg Randers Onsdag;RAO Tillæg;RAO;;RA2JFM0T2906161111028.pdf;;RAO-S;;
24.11.16;RA4;E1;A - B;Tillæg Randers Onsdag Trimmet;RAO Tillæg;RAO;;RA4JFM0S2906161111028.pdf;;RAO-S;;
24.11.16;RAQ;;;Randers Onsdag Øvrige Formater;;;;Ekstern tryk;;;;
24.11.16;SUP;E1;A - B;Ugeposten Skjern;SUP;SUP;;SUPJFM0T2906161111028.pdf;;SUP;;
24.11.16;SU2;E1;A - B;Tillæg Ugeposten Skjern;SUP Tillæg;SUP;;SU2JFM0T2906161111028.pdf;;SUP-S;;
24.11.16;SU4;E1;A - B;Tillæg Ugeposten Skjern Trimmet;SUP Tillæg;SUP;;SU4JFM0S2906161111028.pdf;;SUP-S;;
24.11.16;SUQ;;;Ugeposten Skjern Øvrige Formater;;;;Ekstern tryk;;;;
24.11.16;UAR;E1;A - B;Ugeavisen Ringkøbing;UAR;UAR;;UARJFM0T2906161111028.pdf;;UAR;;
24.11.16;UB2;E1;A - B;Tillæg Ugeavisen Ringkøbing;UAR Tillæg;UAR;;UB2JFM0T2906161111028.pdf;;UAR-S;;
24.11.16;UB4;E1;A - B;Tillæg Ugeavisen Ringkøbing Trimmet;UAR Tillæg;UAR;;UB4JFM0S2906161111028.pdf;;UAR-S;;
24.11.16;URQ;;;Ugeavisen Ringkøbing Øvrige Formater;;;;Ekstern tryk;;;;
24.11.16;UMA;E1;A - B;Ugeavisen Møldrup Aalestrup;UMA;UMA;;UMAJFM0T2906161111028.pdf;;UMA;;
24.11.16;UM2;E1;A - B;Tillæg Ugeavisen Møldrup Aalestrup;UMA Tillæg;UMA;;UM2JFM0T2906161111028.pdf;;UMA-S;;
24.11.16;UM4;E1;A - B;Tillæg Ugeavisen Møldrup Aalestrup Trimmet;UMA Tillæg;UM4;;UM4JFM0S2906161111028.pdf;;UMA-S;;
24.11.16;UMQ;;;Ugeavisen Møldrup Aalestrup Øvrige Formater;;;;Ekstern tryk;;;;
24.11.16;USK;E1;A - B;Ugebladet Skanderborg;USK;USK;;USKJFM0T2906161111028.pdf;;USK;;
24.11.16;US2;E1;A - B;Tillæg Ugebladet Skanderborg;USK Tillæg;USK;;US2JFM0T2906161111028.pdf;;USK-S;;
24.11.16;US4;E1;A - B;Tillæg Ugebladet Skanderborg Trimmet;USK Tillæg;USK;;US4JFM0S2906161111028.pdf;;USK-S;;
24.11.16;USQ;;;Ugebladet Skanderborg Øvrige Formater;;;;Ekstern tryk;;;;
24.11.16;USO;E1;A - B;Ugeavisen Struer;USO;USO;;USOJFM0T2906161111028.pdf;;USO;;
24.11.16;UT2;E1;A - B;Tillæg Ugeavisen Struer;USO Tillæg;USO;;UT2JFM0T2906161111028.pdf;;USO-S;;
24.11.16;UT4;E1;A - B;UTillæg geavisen Struer Trimmet;USO Tillæg;USO;;UT4JFM0S2906161111028.pdf;;USO-S;;
24.11.16;UTQ;;;Ugeavisen Struer Øvrige Formater;;;;Ekstern tryk;;;;
24.11.16;VNY;E1;A - B;Viborg Nyt;VNY;VNY;;VNYJFM0T2906161111028.pdf;;VNY;;
24.11.16;VN2;E1;A - B;Tillæg Viborg Nyt;VNY Tillæg;VNY;;VN2JFM0T2906161111028.pdf;;VNY-S;;
24.11.16;VN4;E1;A - B;Tillæg Viborg Nyt Trimmet;VNY Tillæg;VNY;;VN4JFM0S2906161111028.pdf;;VNY-S;;
24.11.16;VNB;E1;A;Viborg Nyt Bolig;VNY Tillæg;VNY;;VNBJFM0S2906161111028.pdf;;VNY-S;;
;SMM;E1;A;Sct. Mathias Marked;VNY Tillæg;VNY;;SMMJFM0S2906161111028.pdf;;VNY-S-2;;
24.11.16;VNQ;;;Viborg Nyt Øvrige Formater;;;;Ekstern tryk;;;;
23.08.17;QDV;E1;A;Pindle Viborg;VNY Tillæg 2;VNY;;Ekstern tryk;;QDV og VNY-s-2;;
24.11.16;VPA;E1;A - B;Vinderup Avis;VPA;VPA;;VPAJFM0T2906161111028.pdf;;VPA;;
24.11.16;VI2;E1;A - B;Tillæg Vinderup Avis;VPA Tillæg;VPA;;VP2JFM0T2906161111028.pdf;;VPA-S;;
24.11.16;VI4;E1;A - B;Tillæg Vinderup Avis Trimmet;VPA Tillæg;VPA;;VP4JFM0S2906161111028.pdf;;VPA-S;;
24.11.16;VPQ;;;Vinderup Avis Øvrige Formater;;;;Ekstern tryk;;;;
;;;;;;;;;;;;
03.01.17;JVG;FSZ;A;JydskeVestkysten Gear;JV Gear;FSZ;;JVGJFM0T0701171111001.pdf;;JVG;;JA
;;;;;;;;;;;;
01.02.17;JVE;SO;A - I;JV Sønderborg (Master);JV 1. - 9. sektion;SDR;;JVEJFM0T290616A111001.pdf;SDRJFM0T290616S11A001.pdf;SDR;;
01.02.17;JVE;BI;A - I;JV Billund;JV 1. - 2. sektion;BIL;;JVEJFM0T290616B113004.pdf;BILJFM0T290616S11A001.pdf;BIL;;
01.02.17;JVE;VA;A - I;JV Varde;JV 1. - 2. sektion;VAR;;JVEJFM0T290616C113011.pdf;VARJFM0T290616S11A001.pdf;VAR;;
01.02.17;JVE;ES;A - I;JV Esbjerg;JV 1. - 2. sektion;ESB;;JVEJFM0T290616D113007.pdf;ESBJFM0T290616S11A001.pdf;ESB;;
01.02.17;JVE;HA;A - I;JV Haderslev;JV 1. - 2. sektion;HAD;;JVEJFM0T290616E113004.pdf;HADJFM0T290616S11A001.pdf;HAD;;
01.02.17;JVE;KO;A - I;JV Kolding;JV 1. - 2. sektion;KOL;;JVEJFM0T290616F113011.pdf;KOLJFM0T290616S11A001.pdf;KOL;;
01.02.17;JVE;TO;A - I;JV Tønder;JV 1. - 2. sektion;TON;;JVEJFM0T290616G113011.pdf;TONJFM0T290616S11A001.pdf;TON;;
01.02.17;JVE;AA;A - I;JV Aabenraa;JV 1. - 2. sektion;AAB;;JVEJFM0T290616H111001.pdf;AABJFM0T290616S11A001.pdf;AAB;;
01.02.17;JVE;VE;A - I;JV Vejen;JV 1. - 2. sektion;VEJ;;JVEJFM0T290616I113002.pdf;VEJJFM0T290616S11A001.pdf;VEJ;;
;J22;;;Tillæg JV (J12,J22,J32, J42, J52, J62, J72, J82, J92);;;;;;;;
;J44;;;Trimmet Tillæg JV (J14, J24, J34, J44, J54, J64, J74, J84, J94);;;;;;;;
;;;;;;;;;;;;
01.02.17;XBS;;;Business Syd;;;;XBSJFM0S2906161111028.pdf;;XBS;;
01.02.17;XED;;;Erhverv Danmark;;;;Ekstern trykkeri;;XED;Trykkes hos Rotaprint første sider skal bruges i NCS 12. marts;
01.02.17;XEJ;;;Erhverv+ Sydjylland;;;;XEJJFM0T2906161111028.pdf;;;;
01.02.17;XEO;;;Erhverv+ Østjylland;;;;XEOJFM0T2906161111028.pdf;3. sek. I RAM, AAS og VSF samt i XEO mappe;;;
;;;;;;;;;;;;
;XSV;E1;;Mit Svendborg (A4);;XSV;Magasiner;Ekstern tryk;;;;
;XTH;E1;;Thuringeren (A4);;XSV;Magasiner;Ekstern tryk;;;;
;XTO;E1;;Tøringeren (A4);;XSV;Magasiner;Ekstern tryk;;;;
;;;;;;;;;;;;
01.02.17;AUG;E1 ;A - B;Aabenraa Ugeavis;AUG;AUG;;AUGJFM0T2906161111028.pdf;;AUG;Var  AUG-S-3 på ftp;
01.02.17;AU2;E1;A - B;Tillæg Aabenraa Ugeavis;AUG Tillæg;AUG;;AU2JFM0T2906161111028.pdf;;AUG-S;;
01.02.17;AU4;E1;A - B;Tillæg Aabenraa Ugeavis Trimmet;AUG Tillæg;AUG;;AU4JFM0S2906161111028.pdf;;AUG-S;;
;QAH;E1;A;Tillæg Aabenraa Ugeavis Øvrige Formater;AUG Tillæg;AUG;;Ekstern tryk;;;;
01.02.17;QDE;E1;A;Tillæg Aabenraa Ugeavis Øvrige Formater;AUG Tillæg;;;Ekstern tryk;;;;
01.02.17;BOB;E1;A - B;Bov Bladet;BOB;BOB;;BOBJFM0T2906161111028.pdf;;BOB;Var  BOB-S-3 på ftp;
01.02.17;BO2;E1;A - B;Tillæg Bov Bladet;BOB Tillæg;BO2;;BO2JFM0T2906161111028.pdf;;BOB-S;;
01.02.17;BO4;E1;A - B;Tillæg Bov Bladet Trimmet;BOB Tillæg;BO4;;BO4JFM0S2906161111028.pdf;;BOB-S;;
01.02.17;BOQ;;;Bov Bladet Øvrige Formater;;;;Ekstern tryk;;;;
01.02.17;BRU;E1;A - B;Ugeavisen Bramming;BRU;BRU;;BRUJFM0T2906161111028.pdf;;BRU;Var  BRU-S-3 på ftp;
01.02.17;BB2;E1;A - B;Tillæg Ugeavisen Bramming;BRU Tillæg;BB2;;BB2JFM0T2906161111028.pdf;;BRU-S;;
01.02.17;BB4;E1;A - B;Tillæg Ugeavisen Bramming Trimmet;BRUTillæg;BB4;;BB4JFM0S2906161111028.pdf;;BRU-S;;
01.02.17;BBQ;;;Ugeavisen Bramming Øvrige Formater;;;;Ekstern tryk;;;;
01.02.17;DPT;E1;A - B;Digeposten;DPT;DPT;;DPTJFM0T2906161111028.pdf;;DPT;Var DIP-S-3;
01.02.17;DP2;E1;A - B;Tillæg Digeposten;DPT Tillæg;DP2;;DP2JFM0T2906161111028.pdf;;DPT-S;Var DIP-S;
01.02.17;DP4;E1;A - B;Tillæg Digeposten Trimmet;DPT Tillæg;DP4;;DP4JFM0S2906161111028.pdf;;DPT-S;;
01.02.17;DPQ;;;Digeposten Øvrige Formater;;;;Ekstern tryk;;;;
01.02.17;HUG;E1;A;Haderslev Ugeavis;HUG;HUG;;HUGJFM0T2906161111028.pdf;;HUG;;
;HUG;E1;B;Haderslev Ugeavis;HUG Tillæg 2;HUG;;HUBJFM0T2906161111028.pdf;;HUG-S-3;Efter uge 35 2017;
01.02.17;HU2;E1;A - B;Tillæg Haderslev Ugeavis;HUG Tillæg;HU2;;HU2JFM0T2906161111028.pdf;;HUG-S;;
01.02.17;HU4;E1;A - B;Tillæg Haderslev Ugeavis Trimmet;HUG Tillæg;HU4;;HU4JFM0S2906161111028.pdf;;HUG-S;;
01.02.17;QCF;;;Haderslev Ugeavis Øvrige Formater;HUG Tillæg;HUG;;Ekstern tryk;;;;
01.02.17;KUO;E1;A - B;Kolding Ugeavis Onsdag;KUO;KUO;;KUOJFM0T2906161111028.pdf;;KUO;Var  KUO-S-3 på ftp;
01.02.17;KUL;;;Kolding Ugeavis Lørdag;KUO;KUO;;KULJFM0T2906161111028.pdf;;KUL;;
;KBO;E1;A;Kolding Ugeavis Bolig;KUO Tillæg;KUO;;KBOJFM0T2906161111028.pdf;KBOJFM0T2906161111028.pdf;KBO;;
01.02.17;KK2;E1;A - B;Tillæg Kolding Ugeavis;KUO Tillæg;KK2;;KK2JFM0T2906161111028.pdf;;KUO-S;;
01.02.17;KK4;E1;A - B;Tillæg Kolding Ugeavis Trimmet;KUO Tillæg;KK4;;KK4JFM0S2906161111028.pdf;;KUO-S;;
01.02.17;KKQ;;;Kolding Ugeavis Onsdag Øvrige Formater;;;;Ekstern tryk;;;;
01.02.17;MSU;E1;A - B;Ugeavisen Midtsyd;MSU;MSU;;MSUJFM0T2906161111028.pdf;;MSU;Var  MSU-S-3 på ftp;
01.02.17;MS2;E1;A - B;Tillæg Ugeavisen Midtsyd;MSU Tillæg;MS2;;MS2JFM0T2906161111028.pdf;;MSU-S;;
01.02.17;MS4;E1;A - B;Tillæg Ugeavisen Midtsyd Trimmet;MSU Tillæg;MS4;;MS4JFM0S2906161111028.pdf;;MSU-S;;
01.02.17;MSQ;;;Ugeavisen Midtsyd Øvrige Formater;;;;Ekstern tryk;;;;
01.02.17;NTU;E1;A - B;Ny Tirsdag;NTU;NTU;;NTUJFM0T2906161111028.pdf;;NTU;Var  NTU-S-3 på ftp;
01.02.17;NT2;E1;A - B;Tillæg Ny Tirsdag;NTU Tillæg;NT2;;NT2JFM0T2906161111028.pdf;;NTU-S;;
01.02.17;NT4;E1;A - B;Tillæg Ny Tirsdag Trimmet;NTU Tillæg;NT4;;NT4JFM0S2906161111028.pdf;;NTU-S;;
01.02.17;NTQ;;;Ny Tirsdag Øvrige Formater;;;;Ekstern tryk;;;;
01.02.17;SKU;E1;A - B;Skærbæk Avis;SKU;SKU;;SKUJFM0T2906161111028.pdf;;SKU;Var  SKU-S-3 på ftp;
01.02.17;SK2;E1;A - B;Tillæg Skærbæk Avis;SKU Tillæg;SK2;;SK2JFM0T2906161111028.pdf;;SKU-S;;
01.02.17;SK4;E1;A - B;Tillæg Skærbæk Avis Trimmet;SKU Tillæg;SK4;;SK4JFM0S2906161111028.pdf;;SKU-S;;
01.02.17;SKQ;;;Skærbæk Avis Øvrige Formater;;;;Ekstern tryk;;;;
01.02.17;SUB;E1;A;Sønderborg ugeavis broad;SUG 1. sektion;SUG;;SUGJFM0B2906161111028.pdf;;SUG;;
01.02.17;SUG;E1;B;Sønderborg ugeavis tabl.;SUG 2. sektion;SUG;;SUGJFM0T2906161112028.pdf;;SUG;;
01.02.17;SBO;E1 ;C;Sønderborg ugeavis Bolig;SUG 3. sektion;SUG;;SUGJFM0T2906161113028.pdf;;SUG;;
01.02.17;SS2;E1;A - B;Tillæg Sønderborg ugeavis;SUG Tillæg;SS2;;SS2JFM0T2906161111028.pdf;;SUG-S;;
01.02.17;SS4;E1;A - B;Tillæg Sønderborg ugeavis Trimmet;SUG Tillæg;SS4;;SS4JFM0S2906161111028.pdf;;SUG-S;;
01.02.17;SSQ;;;Sønderborg Ugeavis Øvrige Formater;;;;Ekstern tryk;;;;
01.02.17;TOU;E1;A - B;Ugeavisen Tønder;TOU;TOU;;TOUJFM0T2906161111028.pdf;;TOU;Var  TON på ftp;
01.02.17;TU2;E1;A - B;Tillæg Ugeavisen Tønder;TOU Tillæg;TU2;;TU2JFM0T2906161111028.pdf;;TOU-S;Var TON-S på ftp;
01.02.17;TU4;E1;A - B;Tillæg Ugeavisen Tønder Trimmet;TOU Tillæg;TU4;;TU4JFM0S2906161111028.pdf;;TOU-S;;
01.02.17;TUQ;;;Ugeavisen Tønder Øvrige Formater;;;;Ekstern tryk;;;;
01.02.17;URI;E1;A - B;Ugeavisen Ribe;URI;URI;;URIJFM0T2906161111028.pdf;;URI;Var  URI-S-3 på ftp;
01.02.17;UR2;E1;A - B;Tillæg Ugeavisen Ribe;URI Tillæg;UR2;;UR2JFM0T2906161111028.pdf;;URI-S;;
01.02.17;UR4;E1;A - B;Tillæg Ugeavisen Ribe Trimmet;URI Tillæg;UR4;;UR4JFM0S2906161111028.pdf;;URI-S;;
01.02.17;QAG;;;Ugeavisen Ribe Øvrige Formater;;;;Ekstern tryk;;;;
01.02.17;UTO;E1;A - B;Ugebladet Tistrup/Ølgod;UTO;UTO;;UTOJFM0T2906161111028.pdf;;UTO;Var  UTO-S-3 på ftp;
01.02.17;UO2;E1;A - B;Tillæg Ugebladet Tistrup/Ølgod;UTO Tillæg;UO2;;UO2JFM0T2906161111028.pdf;;UTO-S;;
01.02.17;UO4;E1;A - B;Tillæg Ugebladet Tistrup/Ølgod Trimmet;UTO Tillæg;UO4;;UO4JFM0S2906161111028.pdf;;UTO-S;;
01.02.17;UOQ;;;Ugebladet Tistrup/Ølgod Øvrige Formater;;;;Ekstern tryk;;;;
01.02.17;UVH;E1;A - B;Ugeavisen Vejen B H;UVH;UVH;;UVHJFM0T2906161111028.pdf;;UVH;Var  UVH-S-3 på ftp;
01.02.17;UH2;E1;A - B;Tillæg Ugeavisen Vejen B H;UVH Tillæg;UH2;;UH2JFM0T2906161111028.pdf;;UVH-S;;
01.02.17;UH4;E1;A - B;Tillæg Ugeavisen Vejen B H Trimmet;UVH Tillæg;UH4;;UH4JFM0S2906161111028.pdf;;UVH-S;;
01.02.17;UBQ;;;Ugeavisen Vejen B H Øvrige Formater;;;;Ekstern tryk;;;;
01.02.17;VAU;E1;A - B;Ugeavisen Varde;VAU;VAU;;VAUJFM0T2906161111028.pdf;;VAU;;
01.02.17;VA2;E1;A - B;Tillæg Ugeavisen Varde;VAU Tillæg;VAU;;VA2JFM0T2906161111028.pdf;;VAU-S;;
01.02.17;VA4;E1;A - B;Tillæg Ugeavisen Varde Trimmet;VAU Tillæg;VAU;;VA4JFM0S2906161111028.pdf;;VAU-S;;
01.02.17;VAM;E1;A;Ugeavisen Varde Motor 6 gange årligt;VAU 2. sektion;VAU;;VAUJFM0T2906161112028.pdf;;;;
01.02.17;VAQ;;;Ugeavisen Varde Øvrige Formater;;;;Ekstern tryk;;;;
01.02.17;VPU;E1;A - B;Vesterhavsposten;VPU;VPU;;VPUJFM0T2906161111028.pdf;;VPU;Var VPH-S-3 på ftp;
01.02.17;VP2;E1;A - B;Tillæg Vesterhavsposten;VPU Tillæg;VP2;;VP2JFM0T2906161111028.pdf;;VPU-S;Var VPH-S på ftp;
01.02.17;VP4;E1;A - B;Tillæg Vesterhavsposten Trimmet;VPU Tillæg;VP4;;VP4JFM0S2906161111028.pdf;;VPU-S;Var VPH-S på ftp;
01.02.17;VEQ;;;Vesterhavsposten Øvrige Formater;;;;;;;;
;;;;;;;;;;;;
01.03.17;HVF;;;Fællessektion;;;;;;;;
01.03.17;HOF;E1;A - I;Horsens Folkeblad (Master);HOF 1. - 9. sektion;HOF;;HOFJFM0T2906161111027.pdf;HOFJFM0T290616111A027.pdf;HOF;;
;H22;;;Tillæg Horsens Folkeblad;JYM Tillæg 1;;;HH2JFM0T2906161111027.pdf;HOFJFM0T290616111X027.pdf;HOF;OBS !! H22 og ikke HH2;
;H44;;;Trimmet tillæg Horsens Folkeblad;JYM Tillæg 2;;;HH4JFM0T2906161111027.pdf;HOFJFM0T290616111X027.pdf;HOF;;
;;;;;;;;;;;;
01.03.17;VAF;E1;A - I;Vejle Amts Folkeblad;JYM 1. - 9. sektion;VAF;;VAFJFM0T2906161111028.pdf;VAFJFM0T290616V11A028.pdf;VAF;;
;V22;;;Tillæg Vejle Amts Folkeblad;JYM Tillæg 1;VAF;;V22JFM0T2906161111028.pdf;VAFJFM0T290616V11X028.pdf;VAF;;
;V44;;;Trimmet tillæg Vejle Amts Folkeblad;JYM Tillæg 2;VAF;;V44JFM0T2906161111028.pdf;VAFJFM0T290616V11X028.pdf;VAF;;
;;;;;;;;;;;;
01.03.17;FRD;E1;A - I;Fredericia Dagblad;FRD 1. - 9. sektion;FRD;;FRDJFM0T290616F111028.pdf;FRDJFM0T290616F11A028.pdf;FRD;;
;R22;;;Tillæg Fredericia Dagblad;JYM Tillæg 1;;;R22JFM0T290616F111028.pdf;FRDJFM0T290616F11X028.pdf;FRD;;
;R44;;;Trimmet tillæg Fredericia Dagblad;JYM Tillæg 2;;;V44JFM0T290616F111028.pdf;FRDJFM0T290616F11X028.pdf;FRD;;
;;;;;;;;;;;;
01.03.17;BBU;E1;A - B;Billund Ugeavis;BBU;BBU;;BBUJFM0T2906161111028.pdf;BBUJFM0T290616111A028.pdf;BBU;;
01.03.17;BU2;E1;A - B;Tillæg Billund Ugeavis;BBU Tillæg 1;BBU;;BU2JFM0T2906161111028.pdf;BU2JFM0T290616111A028.pdf;BBU-S;;
01.03.17;BU4;E1;A - B;Tillæg Billund Ugeavis Trimmet;BBU Tillæg 2;BBU;;BU4JFM0S2906161111028.pdf;BU4JFM0S290616111A028.pdf;BBU-S;;
01.03.17;BUQ;;;Billund Ugeavis Øvrige Formater;;;;Ekstern tryk;;;;
01.03.17;BRA;E1;A - B;Brædstrup Avis;BRA;BRA;;BRAJFM0T2906161111028.pdf;BRAJFM0T290616111A028.pdf;BRA;;
01.03.17;BR2;E1;A - B;Tillæg Brædstrup Avis;BRA Tillæg 1;BR2;;BR2JFM0T2906161111028.pdf;BR2JFM0T290616111A028.pdf;BRA-S;;
01.03.17;BR4;E1;A - B;Tillæg Brædstrup Avis Trimmet;BRA Tillæg 2;BR4;;BR4JFM0S2906161111028.pdf;BR4JFM0S290616111A028.pdf;BRA-S;;
01.03.17;BRQ;;;Brædstrup Avis  Øvrige Formater;;;;Ekstern tryk;;;;
01.03.17;EEP;E1;A - B;Egtved Posten;EEP;EEP;;EEPJFM0T2906161111028.pdf;EEPJFM0T290616111A028.pdf;EEP;;
01.03.17;EE2;E1;A - B;Tillæg Egtved Posten;EEP Tillæg 1;EE2;;EE2JFM0T2906161111028.pdf;EE2JFM0T290616111A028.pdf;EEP-S;;
01.03.17;EE4;E1;A - B;Tillæg Egtved Posten Trimmet;EEP Tillæg 2;EE4;;EE4JFM0S2906161111028.pdf;EE4JFM0S290616111A028.pdf;EEP-S;;
01.03.17;EEQ;;;Egtved Posten Øvrige Formater;;;;Ekstern tryk;;;;
01.03.17;GTA;E1;A - B;Give Thyregod Avis;GTA;GTA;;GTAJFM0T2906161111028.pdf;GTAJFM0T290616111A028.pdf;GTA;;
01.03.17;GT2;E1;A - B;Tillæg Give Thyregod Avis;GTA Tillæg 1;GT2;;GT2JFM0T2906161111028.pdf;GT2JFM0T290616111A028.pdf;GTA-S;;
01.03.17;GT4;E1;A - B;Tillæg Give Thyregod Avis Trimmet;GTA Tillæg 2;GT4;;GT4JFM0S2906161111028.pdf;GT4JFM0S290616111A028.pdf;GTA-S;;
01.03.17;GTQ;;;Give Thyregod Avis Øvrige Formater;;;;Ekstern tryk;;;;
01.03.17;ELB;E1;A - B;Elbobladet;ELB;ELB;;ELBJFM0B2906161111028.pdf;ELBJFM0B290616111A028.pdf;ELB;;
01.03.17;ELB;E1;B;Elbobladet Magasin. Fast 2. sektion, tab.;ELM;ELB;;ELMJFM0T2906161112003.pdf;ELMJFM0T290616111B003.pdf;ELB;;
01.03.17;EL2;E1;A - B;Tillæg Elbobladet;ELB Tillæg 1;EL2;;EL2JFM0T2906161111028.pdf;EL2JFM0T290616111A028.pdf;ELB-S;;
01.03.17;EL4;E1;A - B;Tillæg Elbobladet Trimmet;ELB Tillæg 2;EL4;;EL4JFM0S2906161111028.pdf;EL4JFM0S290616111A028.pdf;ELB-S;;
01.03.17;ELQ;;;Elbobladet Øvrige Formater;;;;Ekstern tryk;;;;
01.03.17;HED;E1;A - B;Hedensted Avis;HED;HED;;HEDJFM0T2906161111028.pdf;HEDJFM0T290616111A028.pdf;HED;;
01.03.17;HE2;E1;A - B;Tillæg Hedensted Avis;HED Tillæg 1;HE2;;HE2JFM0T2906161111028.pdf;HE2JFM0T290616111A028.pdf;HED-S;;
01.03.17;HE4;E1;A - B;Tillæg Hedensted Avis Trimmet;HED Tillæg 2;HE4;;HE4JFM0S2906161111028.pdf;HE4JFM0S290616111A028.pdf;HED-S;;
01.03.17;HEQ;;;Hedensted Avis Øvrige Formater;;;;Ekstern tryk;;;;
01.03.17;HOP;E1;A - B;Horsens Posten;HOP;HOP;;HOPJFM0T2906161111028.pdf;HOPJFM0T290616111A028.pdf;HOP;;
01.03.17;HH2;E1;A - B;Tillæg Horsens Posten;HOP Tillæg 1;HOP;;HH2JFM0T2906161111028.pdf;HH2JFM0T290616111A028.pdf;HOP-S;;
01.03.17;HH4;E1;A - B;Tillæg Horsens Posten Trimmet;HOP Tillæg 2;HOP;;HH4JFM0S2906161111028.pdf;HH4JFM0S290616111A028.pdf;HOP-S;;
01.03.17;HCA;E1;A;CityHorsens Avisen;HOP Tillæg 1;HOP;;HCAJFM0S2906161111028.pdf;HCAJFM0S2906161111028.pdf;HOP-S;;
01.03.17;HPQ;;;Horsens Posten Øvrige Formater;;;;Ekstern tryk;;;;
01.03.17;JEU;E1;A - B;Jelling Ugeavis;JEU;JEU;;JEUJFM0T2906161111028.pdf;JEUJFM0T290616111A028.pdf;JEU;;
01.03.17;JE2;E1;A - B;Tillæg Jelling Ugeavis;JEU Tillæg 1;JE2;;JE2JFM0T2906161111028.pdf;JE2JFM0T290616111A028.pdf;JEU-S;;
01.03.17;JE4;E1;A - B;Tillæg Jelling Ugeavis Trimmet;JEU Tillæg 2;JE4;;JE4JFM0S2906161111028.pdf;JE4JFM0S290616111A028.pdf;JEU-S;;
01.03.17;JEQ;;;Jelling Ugeavis Øvrige Formater;;;;Ekstern tryk;;;;
01.03.17;MJU;E1;A - B;Midtjysk Ugeavis;MJU;MJU;;MJUJFM0T2906161111028.pdf;MJUJFM0T290616111A028.pdf;MJU;;
01.03.17;MJ2;E1;A - B;Tillæg Midtjysk Ugeavis;MJU Tillæg 1;MJU;;MJ2JFM0T2906161111028.pdf;MJ2JFM0T290616111A028.pdf;MJU-S;;
01.03.17;MJ4;E1;A - B;Tillæg Midtjysk Ugeavis Trimmet;MJU Tillæg 2;MJU;;MJ4JFM0S2906161111028.pdf;MJ4JFM0S290616111A028.pdf;MJU-S;;
01.03.17;MJQ;;;Midtjysk Ugeavis Øvrige Formater;;;;Ekstern tryk;;;;
01.03.17;ODA;E1;A - B;Odder Avis;ODA;ODA;;ODAJFM0B2906161111028.pdf;ODAJFM0B290616111A028.pdf;ODA;;
01.03.17;ODA;E1;C;Odder Boligavis. Fast 3. sektion, tab.;ODA;ODA;;ODBJFM0T2906161113028.pdf;ODAJFM0T290616111C028.pdf;ODA;;
01.03.17;OD2;E1;A - B;Tillæg Odder Avis;ODA Tillæg 1;ODA;;OD2JFM0T2906161111028.pdf;OD2JFM0T290616111A028.pdf;ODA-S;;
01.03.17;OD4;E1;A - B;Tillæg Odder Avis Trimmet;ODA Tillæg 2;ODA;;OD4JFM0S2906161111028.pdf;OD4JFM0S290616111A028.pdf;ODA-S;;
01.03.17;ODQ;;;Odder Avis Øvrige Formater;;;;Ekstern tryk;;;;
01.03.17;TOF;E1;A - B;Tørring Folkeblad;TOF;TOF;;TOFJFM0T2906161111028.pdf;TOFJFM0T290616111A028.pdf;TOF;;
01.03.17;TO2;E1;A - B;Tillæg Tørring Folkeblad;TOF Tillæg 1;TOF;;TO2JFM0T2906161111028.pdf;TO2JFM0T290616111A028.pdf;TOF-S;;
01.03.17;TO4;E1;A - B;Tillæg Tørring Folkeblad Trimmet;TOF Tillæg 2;TOF;;TO4JFM0S2906161111028.pdf;TO4JFM0S290616111A028.pdf;TOF-S;;
01.03.17;TOQ;;;Tørring Folkeblad Øvrige Formater;;;;Ekstern tryk;;;;
01.03.17;TTF;E1;A - B;Trekantens Folkeblad;TTF;TTF;;TTFJFM0T2906161111028.pdf;TTFJFM0T290616111A028.pdf;TTF;;
01.03.17;TT2;E1;A - B;Tillæg Trekantens Folkeblad;TTF Tillæg 1;TTF;;TT2JFM0T2906161111028.pdf;TT2JFM0T290616111A028.pdf;TTF-S;;
01.03.17;TT4;E1;A - B;Tillæg Trekantens Folkeblad Trimmet;TTF Tillæg 2;TTF;;TT4JFM0S2906161111028.pdf;TT4JFM0S290616111A028.pdf;TTF-S;;
01.03.17;TTQ;;;Trekantens Folkeblad Øvrige Formater;;;;Ekstern tryk;;;;
01.03.17;UAV;E1;A - B;Ugeavisen Vejle Posten;UAV;UAV;;UAVJFM0T2906161111028.pdf;UAVJFM0T290616111A028.pdf;UAV;;
01.03.17;UZ2;E1;A - B;Tillæg Ugeavisen Vejle Posten;UAV Tillæg 1;UAV;;UZ2JFM0T2906161111028.pdf;UZ2JFM0T290616111A028.pdf;UAV-S;;
01.03.17;UZ4;E1;A - B;Tillæg Ugeavisen Vejle Posten Trimmet;UAV Tillæg 2;UAV;;UZ4JFM0S2906161111028.pdf;UZ4JFM0S290616111A028.pdf;UAV-S;;
01.03.17;UBV;E1;A;Ugeavisen BoligVejle;UAV Tillæg 1;UAV;;UBVJFM0T2906161111028.pdf;UBVJFM0T290616111A028.pdf;UAV-S;;
01.03.17;UCA;;;Ugeavisen City Vejle;UAV Tillæg 2;UAV;;UCAJFM0T2906161111028.pdf;UCAJFM0T290616111A028.pdf;UAV-S;;
01.03.17;UPQ;;;Ugeavisen Vejle Posten Øvrige Formater;;;;Ekstern tryk;;;;
01.03.17;OAV;E1;A - B;Onsdagsavisen;OAV;OAV;;OAXJFM0T2906161111028.pdf;OAXJFM0T2906161111028.pdf;OAX;;
01.03.17;OA2;E1;A - B;Tillæg Onsdagsavisen;OAV Tillæg 1;OAV;;OA2JFM0T2906161111028.pdf;OA2JFM0T2906161111028.pdf;OAX-S;;
01.03.17;OA4;E1;A - B;Tillæg Onsdagsavisen Trimmet;OAV Tillæg 2;OAV;;OA4JFM0S2906161111028.pdf;OA4JFM0S2906161111028.pdf;OAX-S;;
01.03.17;OAQ;;;Onsdagsavisen Øvrige Formater;;;;Ekstern tryk;OAQJFM0S2906161111028.pdf;OAX-S;;
01.03.17;NNS;E1;A - B;Den lille avis;NNS;NNS;Ugeavisen Den Lille Avis;NNSJFM0T2906161111028.pdf;NNSJFM0T2906161111028.pdf;NNS;;
01.03.17;NN2;E1;A - B;Tillæg Den lille avis;NNS Tillæg 1;NNS;Ugeavisen Den Lille Avis;NN2JFM0T2906161111028.pdf;NN2JFM0T2906161111028.pdf;NNS-S;;
01.03.17;NN4;E1;A - B;Tillæg Den lille avis Trimmet;NNS Tillæg 2;NNS;Ugeavisen Den Lille Avis;NN4JFM0S2906161111028.pdf;NN4JFM0S2906161111028.pdf;NNS-S;;
01.03.17;NNQ;;;Den lille avis Øvrige Formater;;;;Ekstern tryk;;;;
;VUB;E1;A;Vamdrup Ugeblad;;;;Tryk hos OTM m. DK std navn;Issue er leverandør;;;
;;;;;;;;;;;;
;XIH;;;InHorsens;;;;Ekstern trykkeri dd;;;Trykkes hos Europrint;
;XIK;;;InKolding;;;;Ekstern trykkeri;;;Trykkes hos Europrint;
;XIL;;;InLillebælt;;;;Ekstern trykkeri;;;Trykkes hos Europrint;
;XIV;;;InVejle;;;;Ekstern trykkeri;;;Trykkes hos Europrint;
;XKS;;;Kolding Storcenter Magasin;;;;Ekstern trykkeri;;;;
;XSH;;;Shopperen;;XSV;Magasiner;Ekstern trykkeri;;;;
;;;;;;;;;;;;
;Tema-tillæg;;;;;;;;;;;
;Tabloid;;;;;;;;;;;
;T02;;;Diverse tillæg 1;JFM Tillæg;JFM Tillæg;;T02JFM0T2108161111024.pdf;;;;
;T12;;;Diverse tillæg 2;JFM Tillæg;JFM Tillæg;;T12JFM0T2108161111024.pdf;;;;
;T22;;;Diverse tillæg 3;JFM Tillæg;JFM Tillæg;;T22JFM0T2108161111024.pdf;;;;
;T32;;;Diverse tillæg 4;JFM Tillæg;JFM Tillæg;;T32JFM0T2108161111024.pdf;;;;
;T42;;;Diverse tillæg 5;JFM Tillæg;JFM Tillæg;;T42JFM0T2108161111024.pdf;;;;
;T52;;;Diverse tillæg 6;JFM Tillæg;JFM Tillæg;;T52JFM0T2108161111024.pdf;;;;
;T62;;;Diverse tillæg 7;JFM Tillæg;JFM Tillæg;;T62JFM0T2108161111024.pdf;;;;
;T72;;;Diverse tillæg 8;JFM Tillæg;JFM Tillæg;;T72JFM0T2108161111024.pdf;;;;
;T82;;;Diverse tillæg 9;JFM Tillæg;JFM Tillæg;;T82JFM0T2108161111024.pdf;;;;
;T92;;;Diverse tillæg 10;JFM Tillæg;JFM Tillæg;;T92JFM0T2108161111024.pdf;;;;
;;;;;;;;;;;;
;Trimmet Tabloid;;;;;;;;;;;
;T04;;;Diverse tillæg 11;JFM Tillæg;JFM Tillæg;;T04JFM0S2108161111024.pdf;;;;
;T14;;;Diverse tillæg 12;JFM Tillæg;JFM Tillæg;;T14JFM0S2108161111024.pdf;;;;
;T24;;;Diverse tillæg 13;JFM Tillæg;JFM Tillæg;;T24JFM0S2108161111024.pdf;;;;
;T34;;;Diverse tillæg 14;JFM Tillæg;JFM Tillæg;;T34JFM0S2108161111024.pdf;;;;
;T44;;;Diverse tillæg 15;JFM Tillæg;JFM Tillæg;;T44JFM0S2108161111024.pdf;;;;
;T54;;;Diverse tillæg 16;JFM Tillæg;JFM Tillæg;;T54JFM0S2108161111024.pdf;;;;
;T64;;;Diverse tillæg 17;JFM Tillæg;JFM Tillæg;;T64JFM0S2108161111024.pdf;;;;
;T74;;;Diverse tillæg 18;JFM Tillæg;JFM Tillæg;;T74JFM0S2108161111024.pdf;;;;
;T84;;;Diverse tillæg 19;JFM Tillæg;JFM Tillæg;;T84JFM0S2108161111024.pdf;;;;
;T94;;;Diverse tillæg 20;JFM Tillæg;JFM Tillæg;;T94JFM0S2108161111024.pdf;;;;
;;;;;;;;;;;;
;TEQ;;;Tema-tillæg Øvrige Formater;JFM Tillæg;JFM Tillæg;;Ekstern tryk;;;;
;PID;E1;A;Tema-tillæg Pindleformat;JFM Tillæg;JFM Tillæg;;PIDJFM0S2108161111024.pdf;;;;
;;;;;;;;;;;;
;;;;;;;;;;;;
;;;;;;;;;;;;
;XLT;E1;A;Tema Tillæg Zone A (Fyn);JFM Tema Tillæg;ALT;Tema Tillæg FM;XLTJFM0T290616A111028.pdf;;;;
;XLT;E2;A;Tema Tillæg Zone B (JV);JFM Tema Tillæg;BLT;Tema Tillæg SDM;XLTJFM0T290616B111028.pdf;;;;
;XLT;E3;A;Tema Tillæg Zone C (JYM);JFM Tema Tillæg;CLT;Tema Tillæg JM;XLTJFM0T290616C111028.pdf;;;;
;XLT;E4;A;Tema Tillæg Zone D (Midt);JFM Tema Tillæg;DLT;Tema Tillæg MJM;XLTJFM0T290616D111028.pdf;;;;
;;;;;;;;;;;;
;XLI;E4;A;Søndag;JFM Tema Tillæg;DLT;Tema Tillæg MJM;XLIJFM0T290616D111028.pdf;;;;
;XL2;;;;;;;XL2JFM0T290616D111028.pdf;;;;
